<?xml version="1.0" encoding="UTF-8"?>
<project-private xmlns="http://www.netbeans.org/ns/project-private/1">
    <editor-bookmarks xmlns="http://www.netbeans.org/ns/editor-bookmarks/2" lastBookmarkId="0"/>
    <open-files xmlns="http://www.netbeans.org/ns/projectui-open-files/2">
        <group>
            <file>file:/C:/Users/Admin/Desktop/OnlineSessions/JPADemo/src/java/RegistationAction.java</file>
            <file>file:/C:/Users/Admin/Desktop/OnlineSessions/JPADemo/web/WEB-INF/web.xml</file>
            <file>file:/C:/Users/Admin/Desktop/OnlineSessions/JPADemo/web/Welcome.jsp</file>
            <file>file:/C:/Users/Admin/Desktop/OnlineSessions/JPADemo/web/Error.jsp</file>
            <file>file:/C:/Users/Admin/Desktop/OnlineSessions/JPADemo/web/index.jsp</file>
            <file>file:/C:/Users/Admin/Desktop/OnlineSessions/JPADemo/web/WEB-INF/struts-config.xml</file>
            <file>file:/C:/Users/Admin/Desktop/OnlineSessions/JPADemo/web/Registration.jsp</file>
            <file>file:/C:/Users/Admin/Desktop/OnlineSessions/JPADemo/src/conf/persistence.xml</file>
            <file>file:/C:/Users/Admin/Desktop/OnlineSessions/JPADemo/src/java/com/niit/RegistrationEntity.java</file>
            <file>file:/C:/Users/Admin/Desktop/OnlineSessions/JPADemo/src/java/RegistrationForm.java</file>
        </group>
    </open-files>
</project-private>
